,nombre,inicial,mayuscula
0,Diane Tyler,D,DIANE TYLER
1,William Bradley,W,WILLIAM BRADLEY
2,Kendra King MD,K,KENDRA KING MD
3,Yolanda Bishop,Y,YOLANDA BISHOP
4,Michael Gray,M,MICHAEL GRAY
5,Lisa Hubbard,L,LISA HUBBARD
6,Perry Klein,P,PERRY KLEIN
7,Andrea Stevenson,A,ANDREA STEVENSON
8,Tiffany Roberts,T,TIFFANY ROBERTS
9,David Ward,D,DAVID WARD
10,Samuel Frederick,S,SAMUEL FREDERICK
11,Christina Diaz,C,CHRISTINA DIAZ
12,Ashley Beck,A,ASHLEY BECK
13,Kayla Wilkins,K,KAYLA WILKINS
14,Brendan Barnett,B,BRENDAN BARNETT
15,Martha Ramirez,M,MARTHA RAMIREZ
16,Jacob Ortiz,J,JACOB ORTIZ
17,Matthew Mccullough,M,MATTHEW MCCULLOUGH
18,Wanda Gill,W,WANDA GILL
19,Mark Johnston,M,MARK JOHNSTON
20,Mr. William Beard,M,MR. WILLIAM BEARD
21,Kathryn Dixon,K,KATHRYN DIXON
22,Thomas Cummings,T,THOMAS CUMMINGS
23,Dylan Williams,D,DYLAN WILLIAMS
24,Jaclyn Mitchell,J,JACLYN MITCHELL
25,Edward Hutchinson,E,EDWARD HUTCHINSON
26,Michael King,M,MICHAEL KING
27,Ms. Tanya Evans,M,MS. TANYA EVANS
28,Catherine Ray,C,CATHERINE RAY
29,David Walsh,D,DAVID WALSH
30,Krystal Alexander,K,KRYSTAL ALEXANDER
31,Allen Hill,A,ALLEN HILL
32,Tracey Morgan,T,TRACEY MORGAN
33,Harold Stokes,H,HAROLD STOKES
34,Ann Hernandez,A,ANN HERNANDEZ
35,Luis Skinner,L,LUIS SKINNER
36,Emily Lyons,E,EMILY LYONS
37,Brett Knight,B,BRETT KNIGHT
38,Cindy Barnes,C,CINDY BARNES
39,Tonya Gardner,T,TONYA GARDNER
40,Keith Atkinson,K,KEITH ATKINSON
41,Jonathan Ortiz,J,JONATHAN ORTIZ
42,Sean Brown,S,SEAN BROWN
43,Molly Shelton,M,MOLLY SHELTON
44,Kimberly Castaneda,K,KIMBERLY CASTANEDA
45,Johnny Mayo,J,JOHNNY MAYO
46,Lori Watson,L,LORI WATSON
47,Ann Carter,A,ANN CARTER
48,Jason Carter,J,JASON CARTER
49,Benjamin Patrick,B,BENJAMIN PATRICK
50,Peter Melton,P,PETER MELTON
